<?xml version="1.0" encoding="UTF-8"?>
<!-- IMPORTANT: This is an internal file that has been generated
     by the Xilinx ISE software.  Any direct editing or
     changes made to this file may result in unpredictable
     behavior or data corruption.  It is strongly advised that
     users do not edit the contents of this file. -->
<DeviceUsageSummary rev="1">
<DesignStatistics TimeStamp="Sat May 25 06:00:12 2024"><group name="MiscellaneousStatistics">
<item name="AGG_BONDED_IO" rev="1">
<attrib name="value" value="74"/></item>
<item name="AGG_IO" rev="1">
<attrib name="value" value="74"/></item>
<item name="AGG_SLICE" rev="1">
<attrib name="value" value="239"/></item>
<item name="NUM_BONDED_IOB" rev="1">
<attrib name="value" value="74"/></item>
<item name="NUM_BSFULL" rev="1">
<attrib name="value" value="125"/></item>
<item name="NUM_BSLUTONLY" rev="1">
<attrib name="value" value="558"/></item>
<item name="NUM_BSREGONLY" rev="1">
<attrib name="value" value="52"/></item>
<item name="NUM_BSUSED" rev="1">
<attrib name="value" value="735"/></item>
<item name="NUM_BUFG" rev="1">
<attrib name="value" value="1"/></item>
<item name="NUM_DPRAM_O5ANDO6" rev="1">
<attrib name="value" value="68"/></item>
<item name="NUM_DPRAM_O5ONLY" rev="1">
<attrib name="value" value="4"/></item>
<item name="NUM_DPRAM_O6ONLY" rev="1">
<attrib name="value" value="4"/></item>
<item name="NUM_DSP48A1" rev="1">
<attrib name="value" value="13"/></item>
<item name="NUM_LOGIC_O5ANDO6" rev="1">
<attrib name="value" value="91"/></item>
<item name="NUM_LOGIC_O5ONLY" rev="1">
<attrib name="value" value="2"/></item>
<item name="NUM_LOGIC_O6ONLY" rev="1">
<attrib name="value" value="511"/></item>
<item name="NUM_LUT_RT_DRIVES_CARRY4" rev="1">
<attrib name="value" value="3"/></item>
<item name="NUM_LUT_RT_EXO6" rev="1">
<attrib name="value" value="3"/></item>
<item name="NUM_LUT_RT_O6" rev="1">
<attrib name="value" value="2"/></item>
<item name="NUM_SLICEL" rev="1">
<attrib name="value" value="75"/></item>
<item name="NUM_SLICEM" rev="1">
<attrib name="value" value="19"/></item>
<item name="NUM_SLICEX" rev="1">
<attrib name="value" value="145"/></item>
<item name="NUM_SLICE_CARRY4" rev="1">
<attrib name="value" value="74"/></item>
<item name="NUM_SLICE_CONTROLSET" rev="1">
<attrib name="value" value="13"/></item>
<item name="NUM_SLICE_CYINIT" rev="1">
<attrib name="value" value="866"/></item>
<item name="NUM_SLICE_F7MUX" rev="1">
<attrib name="value" value="1"/></item>
<item name="NUM_SLICE_FF" rev="1">
<attrib name="value" value="194"/></item>
<item name="NUM_SLICE_UNUSEDCTRL" rev="1">
<attrib name="value" value="163"/></item>
<item name="NUM_UNUSABLE_FF_BELS" rev="1">
<attrib name="value" value="30"/></item>
<item name="Xilinx Core cordic_v4_0, Xilinx CORE Generator 14.7" rev="1">
<attrib name="value" value="1"/></item>
<item name="Xilinx Core xbip_multadd_v2_0, Xilinx CORE Generator 14.7" rev="1">
<attrib name="value" value="3"/></item>
</group>
</DesignStatistics>
<CmdHistory>
</CmdHistory>
</DeviceUsageSummary>
